,0,1
0,CV_VAY_KATHY.WAV,[0.8769262]
1,CV_ZHUH_KATHY.WAV,[0.9553062]
2,CV_WIY_BRUCE.WAV,[0.84029526]
3,VC_EHT_PRINCESS.WAV,[0.12770331]
4,CV_ZHUH_JUNIOR.WAV,[0.9553791]
5,CV_DER_ALEX.WAV,[0.37662724]
6,CV_DOW_JUNIOR.WAV,[0.11430558]
7,VC_IHJH_VICKI.WAV,[0.78425705]
8,VC_UWK_RALPH.WAV,[0.61751807]
9,VC_EHT_VICKI.WAV,[0.21529365]
10,CV_DEY_BRUCE.WAV,[0.954926]
11,CV_PER_RALPH.WAV,[0.9548015]
12,VC_AEZ_PRINCESS.WAV,[0.1088443]
13,CV_HHAH_KATHY.WAV,[0.95389146]
14,VC_OYT_PRINCESS.WAV,[0.1060375]
15,VC_AYCH_VICTORIA.WAV,[0.10113499]
16,CV_WAO_PRINCESS.WAV,[0.3835371]
17,CV_NAH_VICKI.WAV,[0.11208923]
18,VC_OYT_KATHY.WAV,[0.10928126]
19,CV_RAE_FRED.WAV,[0.45196807]
20,VC_ERTH_VICTORIA.WAV,[0.10094033]
21,VC_AYR_VICKI.WAV,[0.13308431]
22,CV_NAH_JUNIOR.WAV,[0.94276196]
23,VC_IHJH_PRINCESS.WAV,[0.10572047]
24,CV_RAH_KATHY.WAV,[0.8534572]
25,CV_SHAO_BRUCE.WAV,[0.95454085]
26,VC_AEW_ALEX.WAV,[0.1080896]
27,VC_UHP_AGNES.WAV,[0.35491714]
28,VC_AAK_RALPH.WAV,[0.12602395]
29,VC_OWP_KATHY.WAV,[0.13056739]
30,VC_AOZ_RALPH.WAV,[0.13846205]
31,CV_CHEH_VICTORIA.WAV,[0.9433149]
32,CV_CHOY_ALEX.WAV,[0.8368097]
33,CV_WAO_VICKI.WAV,[0.1192725]
34,CV_RAE_JUNIOR.WAV,[0.4836845]
35,CV_DER_RALPH.WAV,[0.11223435]
36,CV_ZHUH_PRINCESS.WAV,[0.9552434]
37,CV_WIY_VICTORIA.WAV,[0.34741834]
38,CV_CHOY_AGNES.WAV,[0.9524357]
39,CV_HHAH_ALEX.WAV,[0.8472891]
40,VC_AAF_RALPH.WAV,[0.10894386]
41,VC_ERTH_KATHY.WAV,[0.14269336]
42,VC_OYP_RALPH.WAV,[0.11862119]
43,CV_RIY_AGNES.WAV,[0.43684277]
44,CV_CHOY_FRED.WAV,[0.9535591]
45,VC_EHZ_AGNES.WAV,[0.19110726]
46,VC_AEW_JUNIOR.WAV,[0.10601982]
47,VC_AYCH_ALEX.WAV,[0.10410848]
48,VC_AWJH_BRUCE.WAV,[0.11717138]
49,CV_DOW_RALPH.WAV,[0.10687245]
50,VC_OYF_KATHY.WAV,[0.10292952]
51,VC_AEZ_FRED.WAV,[0.10763561]
52,VC_IHJH_BRUCE.WAV,[0.11421321]
53,VC_AHZH_ALEX.WAV,[0.10483443]
54,VC_AHZH_VICKI.WAV,[0.10230168]
55,CV_BOY_JUNIOR.WAV,[0.10807239]
56,CV_JHAO_FRED.WAV,[0.89299345]
57,CV_CHOW_KATHY.WAV,[0.95386827]
58,CV_ROW_BRUCE.WAV,[0.43466684]
59,VC_UHP_ALEX.WAV,[0.1656535]
60,CV_THIH_KATHY.WAV,[0.95393825]
61,CV_JHAO_ALEX.WAV,[0.95337653]
62,CV_MIH_VICKI.WAV,[0.11475171]
63,CV_DHIY_VICTORIA.WAV,[0.9442079]
64,CV_YAW_JUNIOR.WAV,[0.5058332]
65,VC_AAF_VICKI.WAV,[0.10215744]
66,VC_AES_VICKI.WAV,[0.09960786]
67,CV_MIH_JUNIOR.WAV,[0.9539469]
68,CV_CHEH_AGNES.WAV,[0.954833]
69,CV_GUH_BRUCE.WAV,[0.9552388]
70,CV_DHIY_BRUCE.WAV,[0.8734776]
71,VC_ERK_VICKI.WAV,[0.09956099]
72,VC_UHP_BRUCE.WAV,[0.9548314]
73,CV_HHAH_PRINCESS.WAV,[0.9545569]
74,VC_AOZ_KATHY.WAV,[0.11543109]
75,CV_MIH_PRINCESS.WAV,[0.92275655]
76,VC_OYDH_PRINCESS.WAV,[0.10487789]
77,CV_RAH_JUNIOR.WAV,[0.7467087]
78,VC_UWB_PRINCESS.WAV,[0.11087357]
79,VC_ERY_FRED.WAV,[0.60941625]
80,CV_PER_KATHY.WAV,[0.9530596]
81,CV_RIY_RALPH.WAV,[0.29486576]
82,VC_UHP_FRED.WAV,[0.43790808]
83,VC_EHL_JUNIOR.WAV,[0.35699877]
84,CV_YAW_ALEX.WAV,[0.42253354]
85,VC_AYCH_JUNIOR.WAV,[0.10188709]
86,CV_CHOY_PRINCESS.WAV,[0.94682616]
87,CV_ZHOW_KATHY.WAV,[0.94977087]
88,VC_AYCH_RALPH.WAV,[0.1106282]
89,VC_ERY_BRUCE.WAV,[0.10178939]
90,CV_FER_VICTORIA.WAV,[0.93953204]
91,CV_BOW_BRUCE.WAV,[0.9547488]
92,VC_UHS_RALPH.WAV,[0.10535201]
93,CV_BAH_ALEX.WAV,[0.6894295]
94,CV_ZHUH_VICKI.WAV,[0.9550196]
95,VC_AEF_AGNES.WAV,[0.8899952]
96,CV_VAY_ALEX.WAV,[0.8412636]
97,CV_PER_BRUCE.WAV,[0.9551566]
98,CV_GUH_KATHY.WAV,[0.37138185]
99,VC_AOZ_JUNIOR.WAV,[0.10910469]
100,CV_FER_RALPH.WAV,[0.9530472]
101,VC_EHL_PRINCESS.WAV,[0.1309541]
102,VC_EHTH_VICKI.WAV,[0.20269139]
103,CV_CHEH_ALEX.WAV,[0.7038289]
104,CV_GAA_VICKI.WAV,[0.95457417]
105,VC_AYR_VICTORIA.WAV,[0.1533003]
106,VC_OYT_VICTORIA.WAV,[0.1017096]
107,CV_DER_FRED.WAV,[0.10715149]
108,VC_IHJH_RALPH.WAV,[0.12670581]
109,CV_BAH_VICTORIA.WAV,[0.9552132]
110,CV_SHAO_VICTORIA.WAV,[0.95252746]
111,VC_EHT_FRED.WAV,[0.2831387]
112,CV_CHOY_VICKI.WAV,[0.89475524]
113,CV_HHAW_KATHY.WAV,[0.9551004]
114,VC_IHJH_JUNIOR.WAV,[0.20054889]
115,CV_DEY_KATHY.WAV,[0.12786931]
116,VC_AES_ALEX.WAV,[0.10002128]
117,VC_EHZ_VICTORIA.WAV,[0.10132238]
118,VC_AOV_BRUCE.WAV,[0.1784629]
119,VC_IHJH_FRED.WAV,[0.11240458]
120,VC_UWK_PRINCESS.WAV,[0.33968917]
121,CV_CHOY_JUNIOR.WAV,[0.9442506]
122,VC_AES_JUNIOR.WAV,[0.11033331]
123,CV_BAH_FRED.WAV,[0.1075056]
124,CV_FER_PRINCESS.WAV,[0.9508957]
125,VC_EHT_VICTORIA.WAV,[0.10575249]
126,CV_DEY_RALPH.WAV,[0.12000475]
127,VC_UWK_KATHY.WAV,[0.4121778]
128,VC_AEZ_VICTORIA.WAV,[0.09905484]
129,CV_MIH_VICTORIA.WAV,[0.4926162]
130,VC_AAF_KATHY.WAV,[0.11298177]
131,CV_HHAH_VICTORIA.WAV,[0.95373726]
132,CV_RAH_PRINCESS.WAV,[0.8309382]
133,VC_EHL_VICKI.WAV,[0.14549404]
134,CV_GAA_RALPH.WAV,[0.45007363]
135,CV_MIH_ALEX.WAV,[0.11027968]
136,VC_AYCH_PRINCESS.WAV,[0.10208642]
137,VC_AOV_VICTORIA.WAV,[0.24908914]
138,VC_UHS_ALEX.WAV,[0.16285506]
139,CV_ZHUH_VICTORIA.WAV,[0.95519435]
140,CV_JHAY_RALPH.WAV,[0.95345324]
141,CV_BOW_RALPH.WAV,[0.10392636]
142,VC_AAF_PRINCESS.WAV,[0.1058409]
143,VC_AYR_RALPH.WAV,[0.1062769]
144,CV_VAY_RALPH.WAV,[0.88288975]
145,VC_IYM_AGNES.WAV,[0.48253044]
146,VC_AEF_JUNIOR.WAV,[0.10597853]
147,CV_DER_VICKI.WAV,[0.955045]
148,CV_NEY_VICTORIA.WAV,[0.12694132]
149,VC_ERK_VICTORIA.WAV,[0.09976462]
150,VC_OYF_JUNIOR.WAV,[0.1054868]
151,CV_SHAO_ALEX.WAV,[0.8447149]
152,CV_GAA_ALEX.WAV,[0.7678563]
153,VC_EHTH_ALEX.WAV,[0.09962793]
154,CV_YAW_BRUCE.WAV,[0.1305722]
155,VC_AWJH_KATHY.WAV,[0.11617454]
156,CV_GUH_ALEX.WAV,[0.9390184]
157,CV_DOW_PRINCESS.WAV,[0.21029218]
158,CV_BOY_KATHY.WAV,[0.10765109]
159,CV_NEY_VICKI.WAV,[0.10817932]
160,VC_ERTH_RALPH.WAV,[0.56952167]
161,VC_UWK_ALEX.WAV,[0.10732809]
162,VC_AEP_BRUCE.WAV,[0.12703031]
163,CV_HHAW_FRED.WAV,[0.954237]
164,VC_ERK_FRED.WAV,[0.5665952]
165,VC_ERY_PRINCESS.WAV,[0.3704359]
166,CV_SHAO_FRED.WAV,[0.9539665]
167,CV_HHAW_PRINCESS.WAV,[0.9526775]
168,CV_SHAO_VICKI.WAV,[0.90229034]
169,VC_AOV_JUNIOR.WAV,[0.11304653]
170,CV_YAW_VICTORIA.WAV,[0.39078987]
171,VC_AEW_FRED.WAV,[0.25789613]
172,CV_THIH_RALPH.WAV,[0.9546132]
173,CV_NAH_VICTORIA.WAV,[0.24938682]
174,VC_EHT_JUNIOR.WAV,[0.35551274]
175,CV_BAH_VICKI.WAV,[0.9538375]
176,CV_DER_KATHY.WAV,[0.14496759]
177,VC_AWJH_VICKI.WAV,[0.2758581]
178,VC_AES_BRUCE.WAV,[0.10076424]
179,CV_NAH_PRINCESS.WAV,[0.84015924]
180,CV_NAH_ALEX.WAV,[0.10835366]
181,CV_DHIY_PRINCESS.WAV,[0.9550892]
182,VC_AOS_AGNES.WAV,[0.10665736]
183,CV_ZHUH_AGNES.WAV,[0.9531892]
184,VC_OYDH_FRED.WAV,[0.10837824]
185,CV_JHAO_RALPH.WAV,[0.8427805]
186,CV_ROW_ALEX.WAV,[0.48786584]
187,VC_EHZ_VICKI.WAV,[0.10793298]
188,VC_OYT_VICKI.WAV,[0.15918627]
189,CV_NAH_RALPH.WAV,[0.5265074]
190,VC_EHL_VICTORIA.WAV,[0.10981806]
191,VC_OYP_BRUCE.WAV,[0.09944589]
192,VC_AAK_BRUCE.WAV,[0.1038349]
193,VC_AHZH_PRINCESS.WAV,[0.10652108]
194,CV_DEY_PRINCESS.WAV,[0.14622909]
195,VC_UWK_FRED.WAV,[0.21453111]
196,CV_GUH_FRED.WAV,[0.13183565]
197,CV_ROW_VICKI.WAV,[0.807232]
198,CV_RAE_AGNES.WAV,[0.14868209]
199,VC_ERY_VICKI.WAV,[0.200448]
200,CV_YAW_VICKI.WAV,[0.7772627]
201,CV_WIY_KATHY.WAV,[0.8939663]
202,CV_FER_BRUCE.WAV,[0.95037574]
203,VC_EHTH_BRUCE.WAV,[0.10145172]
204,VC_ERTH_PRINCESS.WAV,[0.13633531]
205,VC_OYP_VICKI.WAV,[0.1750552]
206,VC_EHL_FRED.WAV,[0.38485146]
207,CV_LAO_KATHY.WAV,[0.69083613]
208,VC_OWP_PRINCESS.WAV,[0.10813656]
209,VC_OYDH_AGNES.WAV,[0.17346334]
210,VC_AWJH_PRINCESS.WAV,[0.10580052]
211,VC_EHL_KATHY.WAV,[0.40767285]
212,VC_AEZ_ALEX.WAV,[0.37672168]
213,CV_YAW_FRED.WAV,[0.14769232]
214,CV_MIH_AGNES.WAV,[0.8555575]
215,VC_EHZH_ALEX.WAV,[0.1139877]
216,VC_AWJH_JUNIOR.WAV,[0.10758875]
217,CV_DOW_VICTORIA.WAV,[0.9510485]
218,CV_FER_VICKI.WAV,[0.94835997]
219,VC_AHZH_RALPH.WAV,[0.10639105]
220,CV_RIY_ALEX.WAV,[0.331525]
221,VC_OWP_FRED.WAV,[0.11736083]
222,VC_AEN_VICKI.WAV,[0.10991933]
223,CV_RIY_JUNIOR.WAV,[0.61028594]
224,VC_EHZH_JUNIOR.WAV,[0.39981106]
225,VC_AWJH_FRED.WAV,[0.10880288]
226,VC_UHS_VICKI.WAV,[0.1267206]
227,VC_ERK_KATHY.WAV,[0.3067672]
228,CV_FER_KATHY.WAV,[0.9501123]
229,CV_ZHUH_RALPH.WAV,[0.9445899]
230,VC_OYDH_ALEX.WAV,[0.10233858]
231,VC_AEZ_AGNES.WAV,[0.6564477]
232,CV_JHAO_VICKI.WAV,[0.9453387]
233,VC_EHZ_ALEX.WAV,[0.11388133]
234,VC_AOV_VICKI.WAV,[0.10778675]
235,VC_UHP_KATHY.WAV,[0.25380245]
236,CV_DOW_BRUCE.WAV,[0.43751714]
237,CV_JHAO_JUNIOR.WAV,[0.91742235]
238,CV_JHER_ALEX.WAV,[0.94058293]
239,VC_UWB_FRED.WAV,[0.20239978]
240,CV_GAA_JUNIOR.WAV,[0.17325445]
241,VC_IHD_PRINCESS.WAV,[0.2706512]
242,VC_AYR_PRINCESS.WAV,[0.10780716]
243,CV_THIH_ALEX.WAV,[0.95361614]
244,CV_RAH_AGNES.WAV,[0.25259873]
245,CV_DHIY_AGNES.WAV,[0.9533011]
246,VC_AAF_FRED.WAV,[0.11731593]
247,CV_BAH_BRUCE.WAV,[0.82319367]
248,VC_AEF_KATHY.WAV,[0.11106117]
249,VC_UHS_BRUCE.WAV,[0.10969348]
250,CV_ZHOW_FRED.WAV,[0.9468622]
251,VC_AEN_ALEX.WAV,[0.10397384]
252,VC_AAK_PRINCESS.WAV,[0.11054228]
253,VC_AOZ_AGNES.WAV,[0.10627379]
254,VC_AEN_JUNIOR.WAV,[0.10888176]
255,VC_EHT_RALPH.WAV,[0.220293]
256,VC_OYT_ALEX.WAV,[0.10387224]
257,CV_THIH_BRUCE.WAV,[0.95394087]
258,VC_ERTH_AGNES.WAV,[0.11198467]
259,CV_DER_BRUCE.WAV,[0.7020358]
260,CV_HHAW_AGNES.WAV,[0.95454556]
261,CV_YAW_RALPH.WAV,[0.4136875]
262,VC_AEF_BRUCE.WAV,[0.10447983]
263,VC_OWP_ALEX.WAV,[0.10045949]
264,VC_OYP_AGNES.WAV,[0.28873956]
265,CV_FER_JUNIOR.WAV,[0.9528011]
266,CV_JHAO_PRINCESS.WAV,[0.9525142]
267,CV_JHER_FRED.WAV,[0.8331527]
268,CV_BOW_VICKI.WAV,[0.95101666]
269,CV_JHAY_PRINCESS.WAV,[0.9481315]
270,CV_HHAH_AGNES.WAV,[0.952842]
271,VC_OYDH_BRUCE.WAV,[0.10637733]
272,CV_JHER_RALPH.WAV,[0.8139148]
273,VC_AYR_BRUCE.WAV,[0.10352217]
274,CV_HHAH_FRED.WAV,[0.9536901]
275,CV_GAA_KATHY.WAV,[0.12463577]
276,VC_AYCH_VICKI.WAV,[0.15148474]
277,VC_EHTH_RALPH.WAV,[0.14144184]
278,CV_SHAO_RALPH.WAV,[0.95536566]
279,CV_RAE_PRINCESS.WAV,[0.5182575]
280,CV_NAH_KATHY.WAV,[0.8646853]
281,CV_WAO_BRUCE.WAV,[0.7780933]
282,VC_AHZH_FRED.WAV,[0.12524411]
283,VC_AAK_AGNES.WAV,[0.18233429]
284,CV_BOW_VICTORIA.WAV,[0.9303029]
285,CV_VAY_VICKI.WAV,[0.95527023]
286,VC_AES_VICTORIA.WAV,[0.11700392]
287,VC_AEW_KATHY.WAV,[0.12487432]
288,CV_LAO_RALPH.WAV,[0.5185921]
289,VC_ERK_BRUCE.WAV,[0.1048207]
290,VC_AEP_KATHY.WAV,[0.18391037]
291,VC_AEN_AGNES.WAV,[0.868546]
292,VC_AWJH_RALPH.WAV,[0.10162712]
293,CV_LAO_BRUCE.WAV,[0.81350917]
294,VC_AOS_ALEX.WAV,[0.10577657]
295,VC_AOV_RALPH.WAV,[0.11598636]
296,VC_AOS_VICTORIA.WAV,[0.10125081]
297,CV_HHAH_JUNIOR.WAV,[0.9553631]
298,VC_UHS_AGNES.WAV,[0.10283706]
299,VC_EHTH_VICTORIA.WAV,[0.09969703]
300,CV_LAO_PRINCESS.WAV,[0.64920753]
301,CV_CHOY_BRUCE.WAV,[0.9548443]
302,CV_FER_ALEX.WAV,[0.95467114]
303,CV_ROW_RALPH.WAV,[0.47453478]
304,VC_AEZ_JUNIOR.WAV,[0.11159804]
305,VC_UWB_KATHY.WAV,[0.15786949]
306,CV_LAO_AGNES.WAV,[0.823209]
307,VC_AEZ_VICKI.WAV,[0.10537235]
308,VC_OYDH_RALPH.WAV,[0.11020021]
309,VC_EHL_BRUCE.WAV,[0.10442426]
310,CV_NAH_FRED.WAV,[0.56662]
311,VC_AYDH_ALEX.WAV,[0.11458887]
312,CV_ZHOW_BRUCE.WAV,[0.76623446]
313,VC_UWB_VICKI.WAV,[0.16978604]
314,CV_THIH_FRED.WAV,[0.95383734]
315,CV_BOY_VICKI.WAV,[0.9443223]
316,VC_UWB_ALEX.WAV,[0.10162489]
317,CV_RAH_VICKI.WAV,[0.9527409]
318,CV_VAY_VICTORIA.WAV,[0.9026314]
319,CV_DEY_FRED.WAV,[0.10836379]
320,VC_IYM_BRUCE.WAV,[0.11667994]
321,CV_NEY_PRINCESS.WAV,[0.84708774]
322,VC_AOV_AGNES.WAV,[0.10305966]
323,CV_ZHOW_VICTORIA.WAV,[0.9347613]
324,CV_BAO_KATHY.WAV,[0.10662036]
325,VC_EHZ_FRED.WAV,[0.19936019]
326,VC_OYDH_KATHY.WAV,[0.10809879]
327,CV_DER_VICTORIA.WAV,[0.95156604]
328,VC_AAK_JUNIOR.WAV,[0.11695103]
329,CV_JHAY_VICTORIA.WAV,[0.8680523]
330,VC_AEN_VICTORIA.WAV,[0.11192016]
331,VC_UHS_KATHY.WAV,[0.15612222]
332,VC_AEN_KATHY.WAV,[0.12372555]
333,CV_DEY_VICKI.WAV,[0.95239043]
334,CV_BOW_AGNES.WAV,[0.11852808]
335,VC_UWK_VICKI.WAV,[0.14045541]
336,CV_NEY_RALPH.WAV,[0.46205565]
337,VC_OYP_VICTORIA.WAV,[0.10207129]
338,CV_CHEH_KATHY.WAV,[0.95501465]
339,CV_ZHOW_AGNES.WAV,[0.9553333]
340,VC_AYCH_AGNES.WAV,[0.30473188]
341,VC_AES_FRED.WAV,[0.11089304]
342,CV_LAO_FRED.WAV,[0.20163079]
343,VC_ERY_ALEX.WAV,[0.12725154]
344,CV_RAH_VICTORIA.WAV,[0.45009702]
345,CV_DOW_AGNES.WAV,[0.9545163]
346,CV_JHAO_VICTORIA.WAV,[0.9509582]
347,VC_AWJH_AGNES.WAV,[0.11211599]
348,VC_AEP_FRED.WAV,[0.12986048]
349,VC_UHP_RALPH.WAV,[0.4835335]
350,VC_EHL_RALPH.WAV,[0.39195293]
351,VC_UWK_VICTORIA.WAV,[0.09997004]
352,CV_BAH_RALPH.WAV,[0.17682287]
353,CV_PER_VICKI.WAV,[0.9539444]
354,CV_DER_AGNES.WAV,[0.9550052]
355,CV_DEY_VICTORIA.WAV,[0.94920075]
356,CV_DEY_AGNES.WAV,[0.9518296]
357,VC_AYCH_FRED.WAV,[0.11027184]
358,VC_AEF_VICKI.WAV,[0.10329553]
359,CV_RAE_ALEX.WAV,[0.55570805]
360,VC_AOV_ALEX.WAV,[0.10000616]
361,VC_AAF_BRUCE.WAV,[0.11995313]
362,CV_WIY_JUNIOR.WAV,[0.6273924]
363,VC_AWJH_VICTORIA.WAV,[0.13316295]
364,CV_YAW_KATHY.WAV,[0.6806574]
365,VC_ERY_VICTORIA.WAV,[0.10383044]
366,VC_AAK_VICKI.WAV,[0.10569492]
367,VC_UHS_VICTORIA.WAV,[0.10182611]
368,VC_AEF_PRINCESS.WAV,[0.11098026]
369,CV_BAH_AGNES.WAV,[0.11385182]
370,VC_OYP_ALEX.WAV,[0.10312296]
371,VC_OYF_VICTORIA.WAV,[0.09882801]
372,CV_NEY_ALEX.WAV,[0.11435536]
373,CV_NAH_BRUCE.WAV,[0.12229715]
374,VC_OYP_FRED.WAV,[0.12078685]
375,VC_UHP_VICTORIA.WAV,[0.9550071]
376,VC_UWK_AGNES.WAV,[0.13286367]
377,VC_AYCH_KATHY.WAV,[0.10277863]
378,VC_UHP_PRINCESS.WAV,[0.28047848]
379,CV_GUH_VICTORIA.WAV,[0.9536811]
380,CV_ZHUH_ALEX.WAV,[0.9406907]
381,CV_WAO_JUNIOR.WAV,[0.33520442]
382,CV_BOW_JUNIOR.WAV,[0.11017992]
383,VC_OYF_FRED.WAV,[0.10892928]
384,CV_BOW_PRINCESS.WAV,[0.10662563]
385,VC_EHZ_BRUCE.WAV,[0.10145159]
386,CV_LAO_JUNIOR.WAV,[0.32961935]
387,CV_RAE_RALPH.WAV,[0.44238225]
388,VC_ERTH_JUNIOR.WAV,[0.23049437]
389,VC_AYDH_JUNIOR.WAV,[0.10607346]
390,VC_AYDH_PRINCESS.WAV,[0.1091945]
391,VC_AEW_AGNES.WAV,[0.62499857]
392,VC_AEN_PRINCESS.WAV,[0.12404159]
393,VC_ERY_RALPH.WAV,[0.3980637]
394,CV_JHER_AGNES.WAV,[0.9529573]
395,VC_AYR_ALEX.WAV,[0.1061109]
396,CV_NEY_FRED.WAV,[0.6469432]
397,CV_CHOY_RALPH.WAV,[0.9526718]
398,VC_EHT_AGNES.WAV,[0.10690427]
399,VC_ERTH_BRUCE.WAV,[0.09900695]
400,CV_RAE_VICKI.WAV,[0.8640648]
401,VC_AEP_VICKI.WAV,[0.09951326]
402,VC_IHD_ALEX.WAV,[0.10318103]
403,CV_BOY_VICTORIA.WAV,[0.9550969]
404,CV_BAO_BRUCE.WAV,[0.84264696]
405,CV_CHOY_KATHY.WAV,[0.9539694]
406,CV_JHAO_KATHY.WAV,[0.90382206]
407,VC_EHZH_VICKI.WAV,[0.33490875]
408,CV_CHOW_FRED.WAV,[0.94963646]
409,CV_CHOW_AGNES.WAV,[0.95232517]
410,CV_JHAY_ALEX.WAV,[0.8113733]
411,VC_IHJH_VICTORIA.WAV,[0.17029013]
412,VC_EHTH_KATHY.WAV,[0.1367559]
413,VC_AYDH_RALPH.WAV,[0.13069776]
414,VC_AEW_VICKI.WAV,[0.1084704]
415,CV_THIH_AGNES.WAV,[0.9462252]
416,VC_EHT_BRUCE.WAV,[0.11088855]
417,VC_EHZH_BRUCE.WAV,[0.1072478]
418,VC_EHZH_KATHY.WAV,[0.11615641]
419,VC_EHL_AGNES.WAV,[0.29645658]
420,VC_EHZ_KATHY.WAV,[0.14143834]
421,VC_EHZH_FRED.WAV,[0.3454569]
422,VC_AEP_ALEX.WAV,[0.28427887]
423,VC_EHTH_JUNIOR.WAV,[0.12211236]
424,CV_BOY_FRED.WAV,[0.10662265]
425,CV_WIY_PRINCESS.WAV,[0.92805946]
426,CV_DHIY_RALPH.WAV,[0.95137876]
427,CV_CHOW_BRUCE.WAV,[0.95457566]
428,CV_RAH_ALEX.WAV,[0.8180077]
429,CV_NEY_JUNIOR.WAV,[0.91428053]
430,VC_AOV_KATHY.WAV,[0.11594627]
431,CV_GUH_RALPH.WAV,[0.9099288]
432,VC_AEZ_KATHY.WAV,[0.11583705]
433,VC_ERTH_ALEX.WAV,[0.0992451]
434,VC_UHS_JUNIOR.WAV,[0.13178092]
435,VC_AOS_FRED.WAV,[0.10907651]
436,VC_AEP_JUNIOR.WAV,[0.13389616]
437,CV_DOW_VICKI.WAV,[0.9547106]
438,VC_OYP_KATHY.WAV,[0.11211281]
439,CV_ZHUH_BRUCE.WAV,[0.9555608]
440,CV_BOY_AGNES.WAV,[0.12824216]
441,VC_AOS_KATHY.WAV,[0.1006323]
442,VC_ERK_PRINCESS.WAV,[0.1597698]
443,CV_VAY_PRINCESS.WAV,[0.8647217]
444,CV_BAO_AGNES.WAV,[0.11226948]
445,CV_DER_JUNIOR.WAV,[0.15064646]
446,CV_JHER_KATHY.WAV,[0.92998093]
447,CV_BAO_VICTORIA.WAV,[0.95473796]
448,VC_AOS_BRUCE.WAV,[0.10669166]
449,VC_AES_RALPH.WAV,[0.11265027]
450,VC_ERY_KATHY.WAV,[0.31386375]
451,CV_ZHOW_RALPH.WAV,[0.95486575]
452,VC_IYM_KATHY.WAV,[0.51178336]
453,VC_EHZH_PRINCESS.WAV,[0.11149583]
454,CV_RAH_BRUCE.WAV,[0.6423062]
455,CV_WAO_KATHY.WAV,[0.43322235]
456,VC_EHZ_PRINCESS.WAV,[0.11323409]
457,CV_JHAY_JUNIOR.WAV,[0.953083]
458,CV_BOW_FRED.WAV,[0.11020292]
459,VC_OWP_RALPH.WAV,[0.39527526]
460,CV_RAH_RALPH.WAV,[0.48776227]
461,CV_GAA_BRUCE.WAV,[0.38552007]
462,VC_ERY_JUNIOR.WAV,[0.32793018]
463,CV_BAO_RALPH.WAV,[0.1098891]
464,CV_PER_FRED.WAV,[0.936257]
465,VC_AOS_PRINCESS.WAV,[0.10443816]
466,VC_AOZ_VICTORIA.WAV,[0.10130404]
467,CV_BOY_ALEX.WAV,[0.11351286]
468,VC_AYDH_VICTORIA.WAV,[0.33268246]
469,CV_MIH_RALPH.WAV,[0.53037906]
470,CV_CHOW_VICTORIA.WAV,[0.9552023]
471,VC_OYP_PRINCESS.WAV,[0.11149678]
472,VC_UWB_AGNES.WAV,[0.34801286]
473,CV_CHEH_RALPH.WAV,[0.9562513]
474,VC_AHZH_BRUCE.WAV,[0.8620995]
475,CV_DHIY_KATHY.WAV,[0.955122]
476,CV_RIY_VICKI.WAV,[0.6625074]
477,CV_WIY_AGNES.WAV,[0.943088]
478,CV_GAA_FRED.WAV,[0.11399737]
479,VC_EHZH_VICTORIA.WAV,[0.09987647]
480,VC_AEN_RALPH.WAV,[0.10454411]
481,CV_BAO_JUNIOR.WAV,[0.10626318]
482,VC_ERK_AGNES.WAV,[0.12823094]
483,VC_IHD_VICTORIA.WAV,[0.5855501]
484,VC_UWK_BRUCE.WAV,[0.09979832]
485,CV_ZHOW_ALEX.WAV,[0.40401763]
486,CV_DEY_ALEX.WAV,[0.37657902]
487,VC_AEP_AGNES.WAV,[0.8697278]
488,VC_IHJH_ALEX.WAV,[0.10280587]
489,CV_CHOW_PRINCESS.WAV,[0.9538424]
490,VC_AHZH_VICTORIA.WAV,[0.09968472]
491,VC_AES_PRINCESS.WAV,[0.1087895]
492,CV_PER_JUNIOR.WAV,[0.9518501]
493,CV_RAE_VICTORIA.WAV,[0.21719325]
494,CV_YAW_AGNES.WAV,[0.85052145]
495,VC_OWP_BRUCE.WAV,[0.13228217]
496,VC_AWJH_ALEX.WAV,[0.1230903]
497,VC_OYF_BRUCE.WAV,[0.09989516]
498,VC_OYDH_VICTORIA.WAV,[0.09892274]
499,VC_OYT_RALPH.WAV,[0.12466024]
500,CV_GUH_VICKI.WAV,[0.95355713]
501,CV_BAH_JUNIOR.WAV,[0.12822033]
502,CV_VAY_FRED.WAV,[0.93841475]
503,CV_DOW_FRED.WAV,[0.13232607]
504,CV_CHOW_JUNIOR.WAV,[0.95337135]
505,VC_AYR_FRED.WAV,[0.1092911]
506,CV_JHAO_BRUCE.WAV,[0.5821775]
507,VC_AEP_PRINCESS.WAV,[0.12244131]
508,VC_OYF_VICKI.WAV,[0.17325953]
509,CV_CHOW_VICKI.WAV,[0.94479156]
510,VC_AOS_VICKI.WAV,[0.10180542]
511,VC_AEN_FRED.WAV,[0.32632878]
512,VC_AAF_JUNIOR.WAV,[0.10689966]
513,CV_ZHOW_JUNIOR.WAV,[0.95277107]
514,VC_IHJH_AGNES.WAV,[0.12165427]
515,CV_NAH_AGNES.WAV,[0.22986056]
516,VC_OYT_FRED.WAV,[0.11788914]
517,CV_YAW_PRINCESS.WAV,[0.75738764]
518,VC_IYM_JUNIOR.WAV,[0.13450354]
519,CV_BAO_VICKI.WAV,[0.11712705]
520,CV_JHAY_VICKI.WAV,[0.94863176]
521,VC_UHP_JUNIOR.WAV,[0.36309963]
522,VC_AEF_RALPH.WAV,[0.10133222]
523,VC_IHD_AGNES.WAV,[0.10748411]
524,VC_OYT_JUNIOR.WAV,[0.10575258]
525,CV_ROW_KATHY.WAV,[0.47738943]
526,CV_JHAY_KATHY.WAV,[0.94586366]
527,VC_AEF_FRED.WAV,[0.11107366]
528,VC_AEZ_RALPH.WAV,[0.3730433]
529,VC_UHS_PRINCESS.WAV,[0.1304364]
530,VC_AEP_RALPH.WAV,[0.24575548]
531,VC_AYDH_FRED.WAV,[0.11080647]
532,CV_THIH_JUNIOR.WAV,[0.9537148]
533,VC_AAK_VICTORIA.WAV,[0.11068475]
534,CV_DOW_KATHY.WAV,[0.15823667]
535,VC_OYF_RALPH.WAV,[0.10170485]
536,VC_AOZ_VICKI.WAV,[0.10163504]
537,VC_UHS_FRED.WAV,[0.11312448]
538,VC_EHT_KATHY.WAV,[0.17832288]
539,VC_UWB_VICTORIA.WAV,[0.09906881]
540,CV_JHER_VICTORIA.WAV,[0.7157746]
541,CV_RIY_BRUCE.WAV,[0.23832929]
542,VC_IYM_VICKI.WAV,[0.8628055]
543,CV_CHEH_VICKI.WAV,[0.94448787]
544,VC_IHD_FRED.WAV,[0.12509963]
545,CV_WIY_RALPH.WAV,[0.2655245]
546,VC_OYP_JUNIOR.WAV,[0.1168609]
547,VC_AEP_VICTORIA.WAV,[0.09920397]
548,VC_OYF_ALEX.WAV,[0.10036074]
549,VC_IYM_ALEX.WAV,[0.11021214]
550,VC_AHZH_KATHY.WAV,[0.13946462]
551,VC_AAK_KATHY.WAV,[0.11293522]
552,VC_AOS_RALPH.WAV,[0.10679567]
553,VC_AYDH_VICKI.WAV,[0.12138698]
554,VC_AYDH_BRUCE.WAV,[0.10907818]
555,VC_IHD_VICKI.WAV,[0.95022374]
556,VC_OWP_VICTORIA.WAV,[0.10697002]
557,CV_RIY_VICTORIA.WAV,[0.1457951]
558,CV_BOY_RALPH.WAV,[0.10884655]
559,VC_IHJH_KATHY.WAV,[0.11240598]
560,CV_DHIY_JUNIOR.WAV,[0.9550404]
561,VC_AEN_BRUCE.WAV,[0.10499771]
562,CV_HHAW_VICTORIA.WAV,[0.8295393]
563,VC_EHZH_RALPH.WAV,[0.10319956]
564,VC_AAK_ALEX.WAV,[0.10265764]
565,CV_RAE_KATHY.WAV,[0.5086789]
566,CV_DOW_ALEX.WAV,[0.30976585]
567,VC_AEZ_BRUCE.WAV,[0.10945874]
568,CV_BAH_PRINCESS.WAV,[0.10617173]
569,VC_IHD_RALPH.WAV,[0.4580113]
570,CV_DHIY_VICKI.WAV,[0.9543013]
571,VC_ERK_ALEX.WAV,[0.12199321]
572,CV_HHAW_RALPH.WAV,[0.95356274]
573,VC_EHTH_PRINCESS.WAV,[0.1442295]
574,CV_WAO_FRED.WAV,[0.11830775]
575,CV_DHIY_ALEX.WAV,[0.4805128]
576,CV_HHAH_VICKI.WAV,[0.95308]
577,VC_AOV_PRINCESS.WAV,[0.10953487]
578,VC_AOZ_ALEX.WAV,[0.09919649]
579,VC_AAF_AGNES.WAV,[0.16763303]
580,VC_AHZH_JUNIOR.WAV,[0.11746613]
581,CV_SHAO_PRINCESS.WAV,[0.95443505]
582,CV_PER_PRINCESS.WAV,[0.9532931]
583,CV_BOW_ALEX.WAV,[0.90595305]
584,CV_LAO_ALEX.WAV,[0.40226707]
585,VC_EHT_ALEX.WAV,[0.0995583]
586,CV_THIH_PRINCESS.WAV,[0.954637]
587,CV_JHAY_AGNES.WAV,[0.8504417]
588,CV_ROW_FRED.WAV,[0.4077963]
589,CV_JHAY_BRUCE.WAV,[0.4879602]
590,CV_WIY_ALEX.WAV,[0.10944521]
591,VC_AHZH_AGNES.WAV,[0.244133]
592,CV_THIH_VICTORIA.WAV,[0.9549745]
593,CV_SHAO_JUNIOR.WAV,[0.952826]
594,CV_BAH_KATHY.WAV,[0.10463111]
595,CV_CHEH_JUNIOR.WAV,[0.95510536]
596,CV_JHAY_FRED.WAV,[0.89374363]
597,VC_EHZ_RALPH.WAV,[0.10667381]
598,VC_IHD_KATHY.WAV,[0.17099375]
599,CV_RIY_PRINCESS.WAV,[0.93673986]
600,VC_AYCH_BRUCE.WAV,[0.10027798]
601,CV_HHAH_RALPH.WAV,[0.9556782]
602,CV_RAE_BRUCE.WAV,[0.7534276]
603,CV_PER_AGNES.WAV,[0.9446094]
604,CV_FER_FRED.WAV,[0.9507165]
605,CV_WAO_RALPH.WAV,[0.40387103]
606,VC_AES_KATHY.WAV,[0.11787426]
607,CV_CHOW_RALPH.WAV,[0.95597607]
608,VC_AEW_PRINCESS.WAV,[0.13162528]
609,VC_EHTH_AGNES.WAV,[0.33093143]
610,VC_AEW_RALPH.WAV,[0.10786258]
611,CV_GAA_AGNES.WAV,[0.954815]
612,VC_OYT_AGNES.WAV,[0.512059]
613,CV_WAO_VICTORIA.WAV,[0.17182153]
614,CV_VAY_JUNIOR.WAV,[0.6467809]
615,CV_JHER_VICKI.WAV,[0.95160615]
616,CV_JHER_JUNIOR.WAV,[0.954865]
617,CV_ROW_AGNES.WAV,[0.42001972]
618,CV_FER_AGNES.WAV,[0.9525723]
619,VC_AYR_JUNIOR.WAV,[0.10922641]
620,CV_JHAO_AGNES.WAV,[0.95475686]
621,VC_AOZ_BRUCE.WAV,[0.10144594]
622,CV_WAO_ALEX.WAV,[0.12354004]
623,VC_OYDH_JUNIOR.WAV,[0.10573269]
624,CV_CHEH_FRED.WAV,[0.95420665]
625,VC_UHP_VICKI.WAV,[0.4356558]
626,VC_EHTH_FRED.WAV,[0.11742848]
627,CV_GAA_PRINCESS.WAV,[0.1581071]
628,CV_DER_PRINCESS.WAV,[0.1448604]
629,VC_IYM_PRINCESS.WAV,[0.57554495]
630,VC_AYR_AGNES.WAV,[0.51405466]
631,VC_OYF_AGNES.WAV,[0.7932289]
632,CV_CHEH_BRUCE.WAV,[0.95447075]
633,VC_OYT_BRUCE.WAV,[0.10084148]
634,VC_AAF_ALEX.WAV,[0.105644]
635,CV_PER_VICTORIA.WAV,[0.9543652]
636,VC_EHZH_AGNES.WAV,[0.7578645]
637,CV_LAO_VICKI.WAV,[0.93989474]
638,CV_WIY_VICKI.WAV,[0.4134649]
639,VC_IYM_VICTORIA.WAV,[0.39177734]
640,CV_GUH_AGNES.WAV,[0.95432645]
641,VC_AOV_FRED.WAV,[0.10962172]
642,CV_ROW_JUNIOR.WAV,[0.47804025]
643,VC_AYR_KATHY.WAV,[0.10796214]
644,VC_OYF_PRINCESS.WAV,[0.10425589]
645,CV_ROW_VICTORIA.WAV,[0.44911757]
646,CV_ZHOW_VICKI.WAV,[0.95150536]
647,CV_ROW_PRINCESS.WAV,[0.508767]
648,VC_OWP_JUNIOR.WAV,[0.11168692]
649,VC_UWB_RALPH.WAV,[0.12126002]
650,CV_WIY_FRED.WAV,[0.5822028]
651,VC_UWB_JUNIOR.WAV,[0.12092014]
652,CV_HHAW_JUNIOR.WAV,[0.95044506]
653,CV_BAO_ALEX.WAV,[0.84273446]
654,CV_MIH_KATHY.WAV,[0.88597596]
655,CV_HHAH_BRUCE.WAV,[0.9561173]
656,VC_ERK_RALPH.WAV,[0.34017158]
657,CV_ZHUH_FRED.WAV,[0.9523032]
658,CV_BAO_PRINCESS.WAV,[0.10650842]
659,CV_CHEH_PRINCESS.WAV,[0.95485586]
660,VC_AYDH_KATHY.WAV,[0.11071482]
661,CV_MIH_FRED.WAV,[0.6276491]
662,CV_NEY_AGNES.WAV,[0.26654038]
663,VC_EHL_ALEX.WAV,[0.11073906]
664,VC_AOS_JUNIOR.WAV,[0.1042821]
665,VC_AAF_VICTORIA.WAV,[0.11065354]
666,CV_PER_ALEX.WAV,[0.9551211]
667,CV_NEY_KATHY.WAV,[0.81904745]
668,VC_EHZ_JUNIOR.WAV,[0.12493996]
669,CV_BOW_KATHY.WAV,[0.10884415]
670,CV_VAY_BRUCE.WAV,[0.90386397]
671,CV_BAO_FRED.WAV,[0.10664972]
672,CV_HHAW_ALEX.WAV,[0.952616]
673,VC_ERTH_VICKI.WAV,[0.1513479]
674,CV_GUH_PRINCESS.WAV,[0.3818312]
675,CV_VAY_AGNES.WAV,[0.15220667]
676,VC_IHD_BRUCE.WAV,[0.11357482]
677,CV_MIH_BRUCE.WAV,[0.2044165]
678,CV_HHAW_BRUCE.WAV,[0.79442114]
679,VC_ERTH_FRED.WAV,[0.23574176]
680,VC_AES_AGNES.WAV,[0.8272389]
681,VC_IHD_JUNIOR.WAV,[0.15955766]
682,CV_RAH_FRED.WAV,[0.5220464]
683,VC_OWP_AGNES.WAV,[0.4924655]
684,CV_JHER_BRUCE.WAV,[0.80901676]
685,VC_ERY_AGNES.WAV,[0.33563304]
686,VC_AEW_BRUCE.WAV,[0.33566952]
687,CV_THIH_VICKI.WAV,[0.95454574]
688,CV_RIY_FRED.WAV,[0.51151407]
689,VC_AYDH_AGNES.WAV,[0.6064582]
690,VC_UWB_BRUCE.WAV,[0.1058595]
691,CV_ZHOW_PRINCESS.WAV,[0.9549391]
692,VC_IYM_FRED.WAV,[0.49012116]
693,VC_ERK_JUNIOR.WAV,[0.29332837]
694,CV_RIY_KATHY.WAV,[0.83954304]
695,CV_CHOW_ALEX.WAV,[0.5474904]
696,VC_IYM_RALPH.WAV,[0.43182537]
697,CV_NEY_BRUCE.WAV,[0.11046002]
698,CV_HHAW_VICKI.WAV,[0.95481724]
699,CV_BOY_BRUCE.WAV,[0.870393]
700,CV_GAA_VICTORIA.WAV,[0.77373433]
701,VC_AAK_FRED.WAV,[0.14034778]
702,CV_LAO_VICTORIA.WAV,[0.2006855]
703,VC_OWP_VICKI.WAV,[0.10031508]
704,CV_GUH_JUNIOR.WAV,[0.36303696]
705,CV_SHAO_AGNES.WAV,[0.94759715]
706,VC_UWK_JUNIOR.WAV,[0.35286927]
707,CV_DEY_JUNIOR.WAV,[0.10983258]
708,VC_AOZ_FRED.WAV,[0.10629302]
709,CV_SHAO_KATHY.WAV,[0.95378864]
710,VC_AEW_VICTORIA.WAV,[0.16090594]
711,CV_CHOY_VICTORIA.WAV,[0.9541345]
712,VC_OYDH_VICKI.WAV,[0.2747989]
713,VC_AEF_ALEX.WAV,[0.09927269]
714,CV_JHER_PRINCESS.WAV,[0.95268995]
715,VC_AOZ_PRINCESS.WAV,[0.10884321]
716,VC_AEF_VICTORIA.WAV,[0.10356139]
717,CV_BOY_PRINCESS.WAV,[0.10494121]
718,CV_DHIY_FRED.WAV,[0.95372045]
719,CV_WAO_AGNES.WAV,[0.37655607]
